feature,mean_abs_shap
marital_status_Married-civ-spouse,0.7348933188283184
marital_status_Never-married,0.5080576189923754
capital_gain,0.43513315380031486
age,0.28948057816914025
education_num,0.2697303815145601
hours_per_week,0.23377533481476026
relationship_Own-child,0.20431924092303788
sex_Male,0.19790815879683768
sex_Female,0.19790815879683768
occupation_Exec-managerial,0.1643287032017058
marital_status_Divorced,0.16231110588436667
occupation_Other-service,0.15834923939010032
relationship_Not-in-family,0.15679468771746163
occupation_Prof-specialty,0.1122849948188281
relationship_Wife,0.11067417963684531
education_Bachelors,0.0984649807141471
capital_loss,0.08713081148420176
occupation_Farming-fishing,0.07199325728408344
education_HS-grad,0.06602340939233811
workclass_Self-emp-not-inc,0.059816503495437136
relationship_Husband,0.057927114100943984
workclass_Federal-gov,0.05716395535098582
relationship_Unmarried,0.055304244987635004
education_Masters,0.054737507584850145
occupation_Sales,0.054525385196126444
workclass_Private,0.05010608665395081
occupation_Machine-op-inspct,0.048910878909946685
education_11th,0.046848446066505
native_country_United-States,0.046816271275451654
fnlwgt,0.04636279817385674
education_Prof-school,0.045288329501804565
education_7th-8th,0.04502322429444854
marital_status_Separated,0.04375654120163702
relationship_Other-relative,0.04220240572046904
occupation_Handlers-cleaners,0.0368536337579551
occupation_Tech-support,0.028759966395916492
education_Doctorate,0.02867496415457764
education_9th,0.02759072447463104
marital_status_Widowed,0.027126718401934227
occupation_Protective-serv,0.02711241133346753
education_10th,0.025561077597766508
occupation_Unknown,0.025130401039599022
workclass_Unknown,0.023476561884085995
education_Some-college,0.02093386952199847
race_Black,0.019823184245771393
race_White,0.019274379032907074
education_Preschool,0.01920709975947667
workclass_Self-emp-inc,0.018672730029378692
native_country_Mexico,0.015783998261552086
marital_status_Married-spouse-absent,0.014939923174284813
occupation_Craft-repair,0.013539436513925909
occupation_Priv-house-serv,0.013272089976280661
workclass_State-gov,0.01326200243059259
native_country_Vietnam,0.012769281006054723
education_Assoc-acdm,0.01252079811937931
race_Asian-Pac-Islander,0.012240796763879513
native_country_El-Salvador,0.010349563809383212
workclass_Local-gov,0.009235829384992515
native_country_Philippines,0.008850184193336257
occupation_Transport-moving,0.008629867010011024
occupation_Adm-clerical,0.008044389602977157
native_country_Ireland,0.0078051303740022705
native_country_Italy,0.007169121275781478
race_Amer-Indian-Eskimo,0.006532719336568581
native_country_Jamaica,0.006242339420643736
education_5th-6th,0.005125777532251178
native_country_South,0.0038746354322622177
native_country_England,0.0037806901374208145
native_country_Dominican-Republic,0.003365262475015448
education_12th,0.003231117394728564
native_country_Unknown,0.003165312467718302
native_country_Outlying-US(Guam-USVI-etc),0.002864612147309998
native_country_Columbia,0.002786545330423867
education_1st-4th,0.0025155849205339364
occupation_Armed-Forces,0.0024772614336167273
education_Assoc-voc,0.002364869550271515
native_country_Germany,0.0022113491301786045
native_country_Canada,0.0021927769006378
native_country_Guatemala,0.00194046449039627
native_country_Puerto-Rico,0.0016572717091504915
native_country_China,0.0016182872162888646
native_country_Yugoslavia,0.001589512893718307
native_country_Nicaragua,0.001475448662549038
marital_status_Married-AF-spouse,0.0011568244332047146
race_Other,0.0009978777846922466
workclass_Without-pay,0.0009350927826270984
native_country_Peru,0.0007404510854365731
native_country_Cambodia,0.0007001117944957764
workclass_Never-worked,0.0006668059423057239
native_country_Iran,0.0005997846059776489
native_country_India,0.00058578675087934
native_country_Japan,0.0005390638662538115
native_country_Honduras,0.0005346926870353931
native_country_Greece,0.0005026558962400652
native_country_Poland,0.00048770690324866615
native_country_Cuba,0.000377171333936797
native_country_Ecuador,0.0003121877572963136
native_country_France,0.00029550621195585983
native_country_Scotland,0.00027411420267995685
native_country_Haiti,0.00021946898785741518
native_country_Laos,0.00014711582842683697
native_country_Portugal,0.00013629640769864898
native_country_Taiwan,0.00013024896727203522
native_country_Thailand,0.00011422453286500231
native_country_Hungary,9.813674151300261e-05
native_country_Hong,9.211096213386583e-05
native_country_Trinadad&Tobago,2.3088829490374713e-05
native_country_Holand-Netherlands,7.73914669770583e-20
