threshold,overall_accuracy,demographic_parity_gap,equal_opportunity_tpr_gap,equalized_odds_fpr_gap,predictive_parity_ppv_gap
0.1,0.715952709964686,0.4145159282364821,0.08027210884353742,0.35674464537182754,0.012220124727104043
0.15,0.7610931982189467,0.38107285629314047,0.11368102796674229,0.29977452563835555,0.0066628933731777695
0.2,0.792875786887763,0.35055676206548353,0.13015873015873025,0.2551380845127147,0.007147335423197565
0.25,0.8136035621065562,0.32184443860401424,0.11700680272108843,0.22338926688247474,0.04494722335801793
0.3,0.8292645478274221,0.28634860913228116,0.1144368858654573,0.18156513481566894,0.02892538523925381
0.35,0.8398587440503608,0.249737872269791,0.12229780801209378,0.14125318781231594,0.006986496424603805
0.4,0.8461538461538461,0.21929785733058527,0.1135298563869993,0.1117691134261207,0.00450083839146509
0.45,0.8513741747274681,0.19757099580872284,0.0860166288737717,0.09460027005890816,0.01904761904761898
0.5,0.8549055734684478,0.1748966013306959,0.06077097505668927,0.07608095974356817,0.021983767604282667
0.55,0.8538307999385844,0.15199673550689555,0.04686318972033254,0.05843903054644861,0.007515913797070395
0.6,0.8516812528788577,0.13603115101047125,0.04368858654572938,0.04827716760893042,0.03629854821682299
0.65,0.8473821587594043,0.11633353160056992,0.020861678004535145,0.03703862063067996,0.03409867229037333
0.7,0.8392445877475817,0.09714080201402626,0.02524565381708238,0.02566318219873191,0.026376610619980312
0.75,0.8314140948871488,0.07837411644280912,0.011186696900982618,0.016540418494759505,0.0172368233835396
0.8,0.8234300629510211,0.06028799468828241,0.014361300075585781,0.009919285764530147,0.027122641509433998
0.85,0.8108398587440504,0.042443943397009395,0.02524565381708238,0.004368458002253709,0.010449840764331197
0.9,0.7968678028558268,0.02734289626934835,0.04126984126984129,0.0029123053348358062,0.014838367779544281
